{"cameraMode":{"drawMode":0,"name":"Shaded","section":"Shading Mode"},"sceneLighting":true,"audioPlay":false,"sceneViewState":{"m_AlwaysRefresh":false,"showFog":true,"showSkybox":true,"showFlares":true,"showImageEffects":true,"showParticleSystems":true,"showVisualEffectGraphs":true,"m_FxEnabled":true},"in2DMode":false,"pivot":{"x":-13.538703918457032,"y":11.702399253845215,"z":22.96649742126465},"rotation":{"x":0.07359196990728378,"y":0.8133874535560608,"z":-0.10550843924283982,"w":0.5672593116760254},"size":9.764182090759278,"orthographic":false}